Nombre,Dirección
Brixton Market,Electric Avenue Brixton,London SW9 8JX
Tesco West Bromwich Extra,46 New St West Bromwich,West Midlands B70 0HW UK
Piccolo Bar,Piccolo Bar 167A Putney High St London SW15 1RT United Kingdom
El Rincon Quiteno,El Rincon Quiteno 235 Holloway Rd London N7 8HG United Kingdom
Arepa & Co,58a De Beauvoir Crescent London N1 5SL United Kingdom
The Food Station,75 N Station Rd Colchester,Essex CO1 1SB United Kingdom
La Grocerya,Trinity St Colchester Essex,UK
Jeans Deli/Cafe,236 Upper Richmond Rd London SW15 6TG UK
Sun Food,403 Mare St London E8 1HY United Kingdom
Casa de Carnes,223 Mare Street,Dalston London,E8 3QE
Tesco North Finchley,Coppetts Centre N Circular Rd North Finchley,London N12 0SH,United Kingdom
Las Iguanas (Manchester),84 Deansgate Manchester M3 2ER,United Kingdom
Spice of Asia,489 George St Aberdeen AB25 1HL United Kingdom
Rye Lane,Peckham,London SE15
Afro Caribbean Asian Store,323 N End Rd Fulham,London SW6 1NN UK
Las Iguanas (Reading),Las Iguanas 17a Riverside The Oracle Reading RG1 2AG,United Kingdom
La Chatica,La Chatica Café 2 Elephant Rd London SE17 1LB United Kingdom
Latin Stop,4-6 High Rd London N22 6BX United Kingdom
Tesco Tottenham,230 High Rd London N15 4AJ United Kingdom
Grey Oriental Foods,25A High St Town Centre Woking GU21 6BW,United Kingdom
Ahmed Foodstore,Ahmed Foodstore 95 Charminster Rd Bournemouth,Dorset BH8 8UH United Kingdom
Europe Mini Market,6 St Michaels Rd Bournemouth,Dorset BH2 5DX United Kingdom
Amier Supermarket,333 North End Rd
Fulham,London SW6 1NN
Tesco Extra Streatham,Tesco Lambeth 384 Streatham High Rd London SW16 6HP
Brentford African Supermarket,African Supermarket Albany Parade High St Brentford TW8 0JW
Tropical Mini Market,Tropical Mini Market The Mall Wood Green 159 High Rd Wood Green London N22 6YQ
Los Arrieros,Walworth Rd London SE1 6SW
M.k. Super Market,18 Blackstock Rd London N4 2DW
K M Butchers,29 Stroud Green Rd Stroud Green,London N4 3EF
Supermecardo Portugal,396 Harrow Rd London W9 2HU
Malik Stores,24 Stapleton Rd Bristol,Avon BS5 0QX United Kingdom
Bristol Sweet Mart,Bristol Sweet Mart,St. Marks Rd,Bristol,United Kingdom
Las Iguanas,Unit 27,Ground Floor Mermaid Quay Cardiff CF10 5BZ,United Kingdom
La Bodeguita,La Bodeguita Elephant and Castle London SE1 6TE United Kingdom
Tesco,Tesco Surrey Quays Extra Surrey Quays Shopping Centre,Redriff Rd Rotherhithe,London SE16 7LL United Kingdom
Tahir Halal Meat,Tahir Halal Meat 9 Junction Rd London N19 5QT United Kingdom
Bullring Markets,Edgbaston St Birmingham B5 4QL United Kingdom
Tesco Aston Lane Superstore,Tesco Aston Lane Superstore 278-299 Aston Ln Birmingham,West Midlands B6 6QR United Kingdom
Seven Sisters Greengrocers,Seven Sisters Greengrocers 70 Seven Sisters Rd London N7 6AE United Kingdom
Wembley Extra,Great Central Way London NW10 0TL United Kingdom
Tesco Southall Hayes Bulls Bridge Extra,Bulls Bridge Industrial Estate,Hayes Rd London UB2 5LN United Kingdom
Al-Medina Store,Oxford Rd City Centre Reading RG1 7PL,United Kingdom
Tesco Lewisham Superstore,209 Lewisham Rd Lewisham,London SE13 7PY United Kingdom
Taj the Grocer,12 Haslett Ave W Town Centre Crawley RH10 1HS,United Kingdom
Taj The Grocer,98-99 Western Rd Brighton BN1 2LB United Kingdom
Lupe Pintos,24 Leven St West End Edinburgh EH3 9LJ,United Kingdom
Tesco Slough Wellington Extra,Brunel Way Wellington St Slough SL1 1XW,United Kingdom
Spanglish Tiendita,30 Newgate St Newcastle upon Tyne NE1 United Kingdom
All Seasons Food,4 Norfolk St City Centre Cambridge CB1 2LF,United Kingdom
International Foods Ltd,168-174 Portswood Rd Southampton SO17 2NJ United Kingdom
R Garcia and Sons,248-250 Portobello Rd London W11 1LL United Kingdom
Mattas,51 Bold St Liverpool Chinatown Liverpool L1 4EU,United Kingdom
Kirkgate Market,irkgate Market 28-34 George St Leeds,West Yorkshire LS2 7HY United Kingdom
Asian Bazaar,43 Magdalen St,Norwich NR3 1LQ
Afro Supermarket,87 Gravel St,City Centre,Leicester LE1 3AG
Las Iguanas,The Great Hall,intu Trafford Centre,The Trafford Centre,Manchester M17 8AA
Gurbet,604 Seven Sisters Rd,South Tottenham,London N15 6HT
Mathews Foods,17-19 Gellatly St,Dundee DD1 3DY
Global Grocers & Butchers,9 Guthrie St,Dundee DD1 5DR
Yawee Foods,8 Barrack St,Colchester,England
Portuguese Flavours,25B Clemens Street Leamington Spa Warwickshire CV31 2DP
Bella Cafe,45 Regent Grove,Royal Leamington Spa,Leamington Spa,Warwickshire CV32 4AP
Las Iguanas,Quayside,Cambridge CB5 8AB
Worldwide Foods,401 Great Western St,Manchester M14 4AH
Donde Carlos,143 Goldhawk Rd,London W12 8EN
M&T Continental Grocery,26 St Andrews Street,Dundee,DD1 2EX
Pau Brazil,89 Mount Pleasant,Reading,West Berkshire RG1 2TF
Rice N Spice,175 King St
Aberdeen,Aberdeen City AB24 5AE
F Centre,190B Station Rd,Edgware HA8 7AS
Mackinleys Supermarket,12 Byram St,Huddersfield,West Yorkshire HD1 1DR
Sun Wah Mini-Mart,33 Barnton St,Stirling FK8 1HF
International Cash & Carry,160 Shepherds Bush Market,London W12 8DF
Las Iguanas,Unit 3 Coliseum Leisure Park,Cheshire Oaks,Ellesmere Port,Cheshire CH65 9HD
